game_id,game_date,away_team,home_team
game_0021900001,10/22/2019,NOP,TOR
game_0021900002,10/22/2019,LAL,LAC
game_0021900003,10/23/2019,CHI,CHA
game_0021900005,10/23/2019,CLE,ORL
game_0021900004,10/23/2019,DET,IND
game_0021900008,10/23/2019,BOS,PHI
game_0021900007,10/23/2019,MEM,MIA
game_0021900006,10/23/2019,MIN,BKN
game_0021900010,10/23/2019,NYK,SAS
game_0021900009,10/23/2019,WAS,DAL
game_0021900011,10/23/2019,OKC,UTA
game_0021900013,10/23/2019,DEN,POR
game_0021900012,10/23/2019,SAC,PHX
game_0021900014,10/24/2019,ATL,DET
game_0021900015,10/24/2019,MIL,HOU
game_0021900016,10/24/2019,LAC,GSW
game_0021900018,10/25/2019,MIN,CHA
game_0021900017,10/25/2019,TOR,BOS
game_0021900019,10/25/2019,NYK,BKN
game_0021900020,10/25/2019,CHI,MEM
game_0021900021,10/25/2019,DAL,NOP
game_0021900022,10/25/2019,WAS,OKC
game_0021900023,10/25/2019,PHX,DEN
game_0021900024,10/25/2019,POR,SAC
game_0021900025,10/25/2019,UTA,LAL
game_0021900026,10/26/2019,MIA,MIL
game_0021900027,10/26/2019,PHI,DET
game_0021900029,10/26/2019,BOS,NYK
game_0021900028,10/26/2019,ORL,ATL
game_0021900030,10/26/2019,IND,CLE
game_0021900032,10/26/2019,NOP,HOU
game_0021900031,10/26/2019,TOR,CHI
game_0021900033,10/26/2019,WAS,SAS
game_0021900034,10/26/2019,SAC,UTA
game_0021900035,10/26/2019,LAC,PHX
game_0021900036,10/27/2019,GSW,OKC
game_0021900037,10/27/2019,BKN,MEM
game_0021900039,10/27/2019,MIA,MIN
game_0021900038,10/27/2019,POR,DAL
game_0021900040,10/27/2019,CHA,LAL
game_0021900042,10/28/2019,CHI,NYK
game_0021900041,10/28/2019,IND,DET
game_0021900044,10/28/2019,ORL,TOR
game_0021900043,10/28/2019,PHI,ATL
game_0021900046,10/28/2019,CLE,MIL
game_0021900047,10/28/2019,GSW,NOP
game_0021900045,10/28/2019,OKC,HOU
game_0021900048,10/28/2019,POR,SAS
game_0021900050,10/28/2019,DEN,SAC
game_0021900049,10/28/2019,UTA,PHX
game_0021900051,10/28/2019,CHA,LAC
game_0021900052,10/29/2019,ATL,MIA
game_0021900053,10/29/2019,DAL,DEN
game_0021900054,10/29/2019,MEM,LAL
game_0021900055,10/30/2019,CHI,CLE
game_0021900057,10/30/2019,MIN,PHI
game_0021900056,10/30/2019,NYK,ORL
game_0021900060,10/30/2019,DET,TOR
game_0021900059,10/30/2019,IND,BKN
game_0021900058,10/30/2019,MIL,BOS
game_0021900061,10/30/2019,HOU,WAS
game_0021900062,10/30/2019,POR,OKC
game_0021900064,10/30/2019,CHA,SAC
game_0021900063,10/30/2019,LAC,UTA
game_0021900065,10/30/2019,PHX,GSW
game_0021900066,10/31/2019,MIA,ATL
game_0021900067,10/31/2019,DEN,NOP
game_0021900068,10/31/2019,SAS,LAC
game_0021900070,11/1/2019,CLE,IND
game_0021900069,11/1/2019,HOU,BKN
game_0021900071,11/1/2019,MIL,ORL
game_0021900072,11/1/2019,NYK,BOS
game_0021900073,11/1/2019,DET,CHI
game_0021900074,11/1/2019,LAL,DAL
game_0021900075,11/1/2019,UTA,SAC
game_0021900076,11/1/2019,SAS,GSW
game_0021900077,11/2/2019,NOP,OKC
game_0021900078,11/2/2019,BKN,DET
game_0021900079,11/2/2019,DEN,ORL
game_0021900080,11/2/2019,MIN,WAS
game_0021900081,11/2/2019,PHX,MEM
game_0021900082,11/2/2019,TOR,MIL
game_0021900083,11/2/2019,CHA,GSW
game_0021900084,11/2/2019,PHI,POR
game_0021900085,11/3/2019,CHI,IND
game_0021900086,11/3/2019,HOU,MIA
game_0021900087,11/3/2019,SAC,NYK
game_0021900088,11/3/2019,LAL,SAS
game_0021900089,11/3/2019,DAL,CLE
game_0021900090,11/3/2019,UTA,LAC
game_0021900091,11/4/2019,DET,WAS
game_0021900092,11/4/2019,NOP,BKN
game_0021900093,11/4/2019,HOU,MEM
game_0021900094,11/4/2019,MIL,MIN
game_0021900095,11/4/2019,PHI,PHX
game_0021900096,11/4/2019,POR,GSW
game_0021900098,11/5/2019,BOS,CLE
game_0021900097,11/5/2019,IND,CHA
game_0021900099,11/5/2019,SAS,ATL
game_0021900100,11/5/2019,LAL,CHI
game_0021900101,11/5/2019,ORL,OKC
game_0021900102,11/5/2019,MIA,DEN
game_0021900103,11/6/2019,NYK,DET
game_0021900104,11/6/2019,WAS,IND
game_0021900105,11/6/2019,CHI,ATL
game_0021900107,11/6/2019,GSW,HOU
game_0021900106,11/6/2019,SAC,TOR
game_0021900108,11/6/2019,MIN,MEM
game_0021900109,11/6/2019,ORL,DAL
game_0021900110,11/6/2019,PHI,UTA
game_0021900111,11/6/2019,MIL,LAC
game_0021900112,11/7/2019,BOS,CHA
game_0021900113,11/7/2019,OKC,SAS
game_0021900114,11/7/2019,MIA,PHX
game_0021900115,11/7/2019,POR,LAC
game_0021900118,11/8/2019,CLE,WAS
game_0021900116,11/8/2019,DET,IND
game_0021900117,11/8/2019,MEM,ORL
game_0021900119,11/8/2019,SAC,ATL
game_0021900120,11/8/2019,GSW,MIN
game_0021900121,11/8/2019,TOR,NOP
game_0021900122,11/8/2019,NYK,DAL
game_0021900124,11/8/2019,MIL,UTA
game_0021900123,11/8/2019,PHI,DEN
game_0021900125,11/8/2019,BKN,POR
game_0021900126,11/8/2019,MIA,LAL
game_0021900127,11/9/2019,BOS,SAS
game_0021900128,11/9/2019,NOP,CHA
game_0021900130,11/9/2019,DAL,MEM
game_0021900131,11/9/2019,GSW,OKC
game_0021900129,11/9/2019,HOU,CHI
game_0021900132,11/10/2019,DEN,MIN
game_0021900134,11/10/2019,CHA,PHI
game_0021900133,11/10/2019,IND,ORL
game_0021900135,11/10/2019,MIL,OKC
game_0021900136,11/10/2019,CLE,NYK
game_0021900137,11/10/2019,BKN,PHX
game_0021900138,11/10/2019,ATL,POR
game_0021900139,11/10/2019,TOR,LAL
game_0021900140,11/11/2019,MIN,DET
game_0021900141,11/11/2019,DAL,BOS
game_0021900142,11/11/2019,HOU,NOP
game_0021900143,11/11/2019,MEM,SAS
game_0021900145,11/11/2019,TOR,LAC
game_0021900144,11/11/2019,UTA,GSW
game_0021900147,11/12/2019,CLE,PHI
game_0021900146,11/12/2019,OKC,IND
game_0021900148,11/12/2019,DET,MIA
game_0021900149,11/12/2019,NYK,CHI
game_0021900150,11/12/2019,ATL,DEN
game_0021900152,11/12/2019,BKN,UTA
game_0021900151,11/12/2019,LAL,PHX
game_0021900153,11/12/2019,POR,SAC
game_0021900154,11/13/2019,MEM,CHA
game_0021900155,11/13/2019,PHI,ORL
game_0021900157,11/13/2019,LAC,HOU
game_0021900156,11/13/2019,WAS,BOS
game_0021900158,11/13/2019,SAS,MIN
game_0021900159,11/13/2019,GSW,LAL
game_0021900160,11/13/2019,TOR,POR
game_0021900161,11/14/2019,MIA,CLE
game_0021900163,11/14/2019,CHI,MIL
game_0021900162,11/14/2019,DAL,NYK
game_0021900164,11/14/2019,LAC,NOP
game_0021900165,11/14/2019,ATL,PHX
game_0021900166,11/14/2019,BKN,DEN
game_0021900167,11/15/2019,DET,CHA
game_0021900168,11/15/2019,SAS,ORL
game_0021900169,11/15/2019,IND,HOU
game_0021900172,11/15/2019,PHI,OKC
game_0021900170,11/15/2019,UTA,MEM
game_0021900171,11/15/2019,WAS,MIN
game_0021900173,11/15/2019,BOS,GSW
game_0021900174,11/15/2019,SAC,LAL
game_0021900175,11/16/2019,BKN,CHI
game_0021900176,11/16/2019,MIL,IND
game_0021900177,11/16/2019,CHA,NYK
game_0021900179,11/16/2019,HOU,MIN
game_0021900178,11/16/2019,NOP,MIA
game_0021900181,11/16/2019,POR,SAS
game_0021900180,11/16/2019,TOR,DAL
game_0021900182,11/16/2019,ATL,LAC
game_0021900183,11/17/2019,PHI,CLE
game_0021900184,11/17/2019,BOS,SAC
game_0021900186,11/17/2019,DEN,MEM
game_0021900185,11/17/2019,WAS,ORL
game_0021900187,11/17/2019,GSW,NOP
game_0021900188,11/17/2019,ATL,LAL
game_0021900189,11/18/2019,CLE,NYK
game_0021900191,11/18/2019,CHA,TOR
game_0021900190,11/18/2019,IND,BKN
game_0021900192,11/18/2019,MIL,CHI
game_0021900193,11/18/2019,POR,HOU
game_0021900194,11/18/2019,SAS,DAL
game_0021900195,11/18/2019,BOS,PHX
game_0021900196,11/18/2019,MIN,UTA
game_0021900197,11/18/2019,OKC,LAC
game_0021900198,11/19/2019,GSW,MEM
game_0021900199,11/19/2019,POR,NOP
game_0021900200,11/19/2019,PHX,SAC
game_0021900201,11/19/2019,OKC,LAL
game_0021900202,11/20/2019,NYK,PHI
game_0021900203,11/20/2019,SAS,WAS
game_0021900205,11/20/2019,CHA,BKN
game_0021900206,11/20/2019,CLE,MIA
game_0021900208,11/20/2019,GSW,DAL
game_0021900204,11/20/2019,MIL,ATL
game_0021900207,11/20/2019,ORL,TOR
game_0021900209,11/20/2019,DET,CHI
game_0021900210,11/20/2019,UTA,MIN
game_0021900211,11/20/2019,HOU,DEN
game_0021900212,11/20/2019,BOS,LAC
game_0021900213,11/21/2019,POR,MIL
game_0021900214,11/21/2019,NOP,PHX
game_0021900215,11/22/2019,ATL,DET
game_0021900216,11/22/2019,CHA,WAS
game_0021900217,11/22/2019,SAC,BKN
game_0021900220,11/22/2019,LAL,OKC
game_0021900219,11/22/2019,MIA,CHI
game_0021900218,11/22/2019,SAS,PHI
game_0021900221,11/22/2019,CLE,DAL
game_0021900222,11/22/2019,BOS,DEN
game_0021900223,11/22/2019,GSW,UTA
game_0021900224,11/22/2019,HOU,LAC
game_0021900225,11/23/2019,PHX,MIN
game_0021900226,11/23/2019,CHI,CHA
game_0021900227,11/23/2019,ORL,IND
game_0021900230,11/23/2019,MIA,PHI
game_0021900229,11/23/2019,SAS,NYK
game_0021900228,11/23/2019,TOR,ATL
game_0021900232,11/23/2019,LAL,MEM
game_0021900231,11/23/2019,POR,CLE
game_0021900233,11/23/2019,DET,MIL
game_0021900234,11/23/2019,NOP,UTA
game_0021900235,11/24/2019,DAL,HOU
game_0021900236,11/24/2019,BKN,NYK
game_0021900237,11/24/2019,SAC,WAS
game_0021900238,11/24/2019,PHX,DEN
game_0021900239,11/24/2019,NOP,LAC
game_0021900240,11/25/2019,BKN,CLE
game_0021900242,11/25/2019,MEM,IND
game_0021900241,11/25/2019,ORL,DET
game_0021900245,11/25/2019,CHA,MIA
game_0021900243,11/25/2019,MIN,ATL
game_0021900246,11/25/2019,PHI,TOR
game_0021900244,11/25/2019,SAC,BOS
game_0021900247,11/25/2019,POR,CHI
game_0021900248,11/25/2019,UTA,MIL
game_0021900249,11/25/2019,LAL,SAS
game_0021900250,11/25/2019,OKC,GSW
game_0021900251,11/26/2019,LAC,DAL
game_0021900252,11/26/2019,WAS,DEN
game_0021900253,11/27/2019,BKN,BOS
game_0021900254,11/27/2019,DET,CHA
game_0021900255,11/27/2019,ORL,CLE
game_0021900257,11/27/2019,SAC,PHI
game_0021900256,11/27/2019,UTA,IND
game_0021900258,11/27/2019,NYK,TOR
game_0021900261,11/27/2019,ATL,MIL
game_0021900260,11/27/2019,LAC,MEM
game_0021900259,11/27/2019,MIA,HOU
game_0021900262,11/27/2019,MIN,SAS
game_0021900263,11/27/2019,WAS,PHX
game_0021900264,11/27/2019,LAL,NOP
game_0021900265,11/27/2019,OKC,POR
game_0021900266,11/27/2019,CHI,GSW
game_0021900267,11/29/2019,BOS,BKN
game_0021900268,11/29/2019,CHA,DET
game_0021900269,11/29/2019,TOR,ORL
game_0021900270,11/29/2019,MIL,CLE
game_0021900271,11/29/2019,PHI,NYK
game_0021900272,11/29/2019,ATL,IND
game_0021900273,11/29/2019,GSW,MIA
game_0021900275,11/29/2019,NOP,OKC
game_0021900274,11/29/2019,UTA,MEM
game_0021900276,11/29/2019,LAC,SAS
game_0021900277,11/29/2019,DAL,PHX
game_0021900278,11/29/2019,CHI,POR
game_0021900279,11/29/2019,WAS,LAL
game_0021900280,11/30/2019,DEN,SAC
game_0021900281,11/30/2019,IND,PHI
game_0021900282,11/30/2019,ATL,HOU
game_0021900283,11/30/2019,CHA,MIL
game_0021900284,12/1/2019,MIA,BKN
game_0021900285,12/1/2019,BOS,NYK
game_0021900286,12/1/2019,MEM,MIN
game_0021900287,12/1/2019,DAL,LAL
game_0021900289,12/1/2019,OKC,NOP
game_0021900288,12/1/2019,SAS,DET
game_0021900290,12/1/2019,GSW,ORL
game_0021900291,12/1/2019,UTA,TOR
game_0021900292,12/1/2019,WAS,LAC
game_0021900293,12/2/2019,PHX,CHA
game_0021900294,12/2/2019,UTA,PHI
game_0021900295,12/2/2019,GSW,ATL
game_0021900296,12/2/2019,IND,MEM
game_0021900297,12/2/2019,NYK,MIL
game_0021900298,12/2/2019,CHI,SAC
game_0021900299,12/3/2019,DET,CLE
game_0021900300,12/3/2019,ORL,WAS
game_0021900302,12/3/2019,DAL,NOP
game_0021900301,12/3/2019,MIA,TOR
game_0021900303,12/3/2019,HOU,SAS
game_0021900304,12/3/2019,LAL,DEN
game_0021900305,12/3/2019,POR,LAC
game_0021900306,12/4/2019,GSW,CHA
game_0021900307,12/4/2019,MIL,DET
game_0021900308,12/4/2019,PHX,ORL
game_0021900309,12/4/2019,BKN,ATL
game_0021900310,12/4/2019,MIA,BOS
game_0021900312,12/4/2019,IND,OKC
game_0021900311,12/4/2019,MEM,CHI
game_0021900313,12/4/2019,MIN,DAL
game_0021900314,12/4/2019,LAL,UTA
game_0021900315,12/4/2019,SAC,POR
game_0021900316,12/5/2019,PHI,WAS
game_0021900317,12/5/2019,DEN,NYK
game_0021900318,12/5/2019,HOU,TOR
game_0021900319,12/5/2019,PHX,NOP
game_0021900320,12/6/2019,BKN,CHA
game_0021900322,12/6/2019,IND,DET
game_0021900321,12/6/2019,ORL,CLE
game_0021900323,12/6/2019,DEN,BOS
game_0021900325,12/6/2019,GSW,CHI
game_0021900326,12/6/2019,MIN,OKC
game_0021900324,12/6/2019,WAS,MIA
game_0021900327,12/6/2019,LAC,MIL
game_0021900328,12/6/2019,SAC,SAS
game_0021900329,12/6/2019,LAL,POR
game_0021900330,12/7/2019,NOP,DAL
game_0021900332,12/7/2019,CLE,PHI
game_0021900331,12/7/2019,IND,NYK
game_0021900333,12/7/2019,PHX,HOU
game_0021900334,12/7/2019,MEM,UTA
game_0021900335,12/8/2019,DEN,BKN
game_0021900336,12/8/2019,ATL,CHA
game_0021900337,12/8/2019,CHI,MIA
game_0021900339,12/8/2019,LAC,WAS
game_0021900338,12/8/2019,TOR,PHI
game_0021900340,12/8/2019,SAC,DAL
game_0021900341,12/8/2019,OKC,POR
game_0021900342,12/8/2019,MIN,LAL
game_0021900343,12/9/2019,LAC,IND
game_0021900344,12/9/2019,CLE,BOS
game_0021900348,12/9/2019,DET,NOP
game_0021900347,12/9/2019,ORL,MIL
game_0021900346,12/9/2019,SAC,HOU
game_0021900345,12/9/2019,TOR,CHI
game_0021900349,12/9/2019,MIN,PHX
game_0021900350,12/9/2019,OKC,UTA
game_0021900351,12/9/2019,MEM,GSW
game_0021900353,12/10/2019,DEN,PHI
game_0021900352,12/10/2019,WAS,CHA
game_0021900354,12/10/2019,ATL,MIA
game_0021900355,12/10/2019,NYK,POR
game_0021900357,12/11/2019,BOS,IND
game_0021900356,12/11/2019,HOU,CLE
game_0021900359,12/11/2019,LAC,TOR
game_0021900358,12/11/2019,LAL,ORL
game_0021900360,12/11/2019,CHA,BKN
game_0021900361,12/11/2019,ATL,CHI
game_0021900362,12/11/2019,UTA,MIN
game_0021900363,12/11/2019,MEM,PHX
game_0021900364,12/11/2019,NOP,MIL
game_0021900365,12/11/2019,OKC,SAC
game_0021900366,12/11/2019,NYK,GSW
game_0021900367,12/12/2019,PHI,BOS
game_0021900368,12/12/2019,CLE,SAS
game_0021900369,12/12/2019,DAL,DET
game_0021900370,12/12/2019,POR,DEN
game_0021900371,12/13/2019,HOU,ORL
game_0021900372,12/13/2019,NOP,PHI
game_0021900373,12/13/2019,IND,ATL
game_0021900375,12/13/2019,CHA,CHI
game_0021900377,12/13/2019,LAC,MIN
game_0021900374,12/13/2019,LAL,MIA
game_0021900376,12/13/2019,MIL,MEM
game_0021900378,12/13/2019,NYK,SAC
game_0021900379,12/13/2019,GSW,UTA
game_0021900380,12/14/2019,SAS,PHX
game_0021900381,12/14/2019,BKN,TOR
game_0021900382,12/14/2019,LAC,CHI
game_0021900383,12/14/2019,WAS,MEM
game_0021900385,12/14/2019,CLE,MIL
game_0021900384,12/14/2019,MIA,DAL
game_0021900386,12/14/2019,DET,HOU
game_0021900387,12/14/2019,OKC,DEN
game_0021900388,12/15/2019,ORL,NOP
game_0021900389,12/15/2019,CHA,IND
game_0021900390,12/15/2019,LAL,ATL
game_0021900391,12/15/2019,PHI,BKN
game_0021900392,12/15/2019,NYK,DEN
game_0021900393,12/15/2019,SAC,GSW
game_0021900394,12/16/2019,WAS,DET
game_0021900395,12/16/2019,CLE,TOR
game_0021900399,12/16/2019,CHI,OKC
game_0021900398,12/16/2019,DAL,MIL
game_0021900397,12/16/2019,MIA,MEM
game_0021900396,12/16/2019,SAS,HOU
game_0021900400,12/16/2019,POR,PHX
game_0021900402,12/17/2019,LAL,IND
game_0021900401,12/17/2019,SAC,CHA
game_0021900403,12/17/2019,ATL,NYK
game_0021900404,12/17/2019,BKN,NOP
game_0021900405,12/17/2019,ORL,UTA
game_0021900406,12/17/2019,PHX,LAC
game_0021900407,12/18/2019,CHA,CLE
game_0021900409,12/18/2019,CHI,WAS
game_0021900408,12/18/2019,TOR,DET
game_0021900410,12/18/2019,MIA,PHI
game_0021900412,12/18/2019,MEM,OKC
game_0021900411,12/18/2019,NOP,MIN
game_0021900413,12/18/2019,BOS,DAL
game_0021900414,12/18/2019,ORL,DEN
game_0021900415,12/18/2019,GSW,POR
game_0021900416,12/19/2019,UTA,ATL
game_0021900417,12/19/2019,LAL,MIL
game_0021900418,12/19/2019,BKN,SAS
game_0021900419,12/19/2019,HOU,LAC
game_0021900420,12/20/2019,MEM,CLE
game_0021900421,12/20/2019,SAC,IND
game_0021900422,12/20/2019,DET,BOS
game_0021900423,12/20/2019,WAS,TOR
game_0021900425,12/20/2019,DAL,PHI
game_0021900424,12/20/2019,NYK,MIA
game_0021900426,12/20/2019,PHX,OKC
game_0021900427,12/20/2019,MIN,DEN
game_0021900428,12/20/2019,ORL,POR
game_0021900429,12/20/2019,NOP,GSW
game_0021900430,12/21/2019,UTA,CHA
game_0021900431,12/21/2019,ATL,BKN
game_0021900432,12/21/2019,CHI,DET
game_0021900433,12/21/2019,WAS,PHI
game_0021900434,12/21/2019,MIL,NYK
game_0021900435,12/21/2019,SAC,MEM
game_0021900436,12/21/2019,LAC,SAS
game_0021900437,12/21/2019,HOU,PHX
game_0021900438,12/21/2019,MIN,POR
game_0021900439,12/22/2019,DAL,TOR
game_0021900440,12/22/2019,CHA,BOS
game_0021900441,12/22/2019,IND,MIL
game_0021900442,12/22/2019,LAC,OKC
game_0021900443,12/22/2019,DEN,LAL
game_0021900444,12/23/2019,ATL,CLE
game_0021900448,12/23/2019,CHI,ORL
game_0021900445,12/23/2019,PHI,DET
game_0021900446,12/23/2019,TOR,IND
game_0021900447,12/23/2019,WAS,NYK
game_0021900449,12/23/2019,UTA,MIA
game_0021900450,12/23/2019,SAS,MEM
game_0021900451,12/23/2019,DEN,PHX
game_0021900453,12/23/2019,HOU,SAC
game_0021900452,12/23/2019,NOP,POR
game_0021900454,12/23/2019,MIN,GSW
game_0021900455,12/25/2019,BOS,TOR
game_0021900456,12/25/2019,MIL,PHI
game_0021900457,12/25/2019,HOU,GSW
game_0021900458,12/25/2019,LAC,LAL
game_0021900459,12/25/2019,NOP,DEN
game_0021900460,12/26/2019,WAS,DET
game_0021900462,12/26/2019,MEM,OKC
game_0021900461,12/26/2019,NYK,BKN
game_0021900463,12/26/2019,SAS,DAL
game_0021900464,12/26/2019,MIN,SAC
game_0021900465,12/26/2019,POR,UTA
game_0021900466,12/27/2019,CLE,BOS
game_0021900467,12/27/2019,OKC,CHA
game_0021900468,12/27/2019,PHI,ORL
game_0021900469,12/27/2019,MIL,ATL
game_0021900470,12/27/2019,IND,MIA
game_0021900471,12/27/2019,PHX,GSW
game_0021900472,12/28/2019,MEM,DEN
game_0021900474,12/28/2019,IND,NOP
game_0021900473,12/28/2019,TOR,BOS
game_0021900477,12/28/2019,ATL,CHI
game_0021900478,12/28/2019,BKN,HOU
game_0021900479,12/28/2019,CLE,MIN
game_0021900476,12/28/2019,NYK,WAS
game_0021900475,12/28/2019,PHI,MIA
game_0021900482,12/28/2019,DAL,GSW
game_0021900481,12/28/2019,DET,SAS
game_0021900480,12/28/2019,ORL,MIL
game_0021900483,12/28/2019,PHX,SAC
game_0021900484,12/28/2019,LAL,POR
game_0021900485,12/28/2019,UTA,LAC
game_0021900486,12/29/2019,OKC,TOR
game_0021900487,12/29/2019,CHA,MEM
game_0021900488,12/29/2019,HOU,NOP
game_0021900489,12/29/2019,SAC,DEN
game_0021900490,12/29/2019,DAL,LAL
game_0021900491,12/30/2019,ATL,ORL
game_0021900492,12/30/2019,MIA,WAS
game_0021900494,12/30/2019,BKN,MIN
game_0021900493,12/30/2019,MIL,CHI
game_0021900495,12/30/2019,DET,UTA
game_0021900496,12/30/2019,PHX,POR
game_0021900497,12/31/2019,BOS,CHA
game_0021900498,12/31/2019,PHI,IND
game_0021900499,12/31/2019,LAC,SAC
game_0021900500,12/31/2019,CLE,TOR
game_0021900501,12/31/2019,DEN,HOU
game_0021900502,12/31/2019,GSW,SAS
game_0021900503,12/31/2019,DAL,OKC
game_0021900504,1/1/2020,ORL,WAS
game_0021900505,1/1/2020,POR,NYK
game_0021900506,1/1/2020,MIN,MIL
game_0021900507,1/1/2020,PHX,LAL
game_0021900508,1/2/2020,CHA,CLE
game_0021900509,1/2/2020,DEN,IND
game_0021900510,1/2/2020,TOR,MIA
game_0021900512,1/2/2020,GSW,MIN
game_0021900511,1/2/2020,UTA,CHI
game_0021900513,1/2/2020,BKN,DAL
game_0021900514,1/2/2020,OKC,SAS
game_0021900515,1/2/2020,MEM,SAC
game_0021900516,1/2/2020,DET,LAC
game_0021900517,1/3/2020,ATL,BOS
game_0021900518,1/3/2020,MIA,ORL
game_0021900519,1/3/2020,POR,WAS
game_0021900520,1/3/2020,PHI,HOU
game_0021900521,1/3/2020,NYK,PHX
game_0021900522,1/3/2020,NOP,LAL
game_0021900523,1/4/2020,MEM,LAC
game_0021900524,1/4/2020,TOR,BKN
game_0021900525,1/4/2020,UTA,ORL
game_0021900526,1/4/2020,IND,ATL
game_0021900527,1/4/2020,OKC,CLE
game_0021900529,1/4/2020,BOS,CHI
game_0021900528,1/4/2020,DEN,WAS
game_0021900530,1/4/2020,CHA,DAL
game_0021900532,1/4/2020,DET,GSW
game_0021900531,1/4/2020,SAS,MIL
game_0021900533,1/4/2020,NOP,SAC
game_0021900534,1/5/2020,NYK,LAC
game_0021900535,1/5/2020,POR,MIA
game_0021900536,1/5/2020,MIN,CLE
game_0021900537,1/5/2020,MEM,PHX
game_0021900538,1/5/2020,DET,LAL
game_0021900540,1/6/2020,BKN,ORL
game_0021900542,1/6/2020,BOS,WAS
game_0021900539,1/6/2020,IND,CHA
game_0021900541,1/6/2020,OKC,PHI
game_0021900543,1/6/2020,DEN,ATL
game_0021900544,1/6/2020,UTA,NOP
game_0021900545,1/6/2020,CHI,DAL
game_0021900546,1/6/2020,MIL,SAS
game_0021900547,1/6/2020,GSW,SAC
game_0021900548,1/7/2020,DET,CLE
game_0021900549,1/7/2020,POR,TOR
game_0021900550,1/7/2020,OKC,BKN
game_0021900551,1/7/2020,MIN,MEM
game_0021900552,1/7/2020,SAC,PHX
game_0021900553,1/7/2020,NYK,LAL
game_0021900556,1/8/2020,MIA,IND
game_0021900554,1/8/2020,SAS,BOS
game_0021900555,1/8/2020,TOR,CHA
game_0021900557,1/8/2020,WAS,ORL
game_0021900559,1/8/2020,DEN,DAL
game_0021900558,1/8/2020,HOU,ATL
game_0021900560,1/8/2020,CHI,NOP
game_0021900561,1/8/2020,NYK,UTA
game_0021900562,1/8/2020,MIL,GSW
game_0021900564,1/9/2020,BOS,PHI
game_0021900563,1/9/2020,CLE,DET
game_0021900565,1/9/2020,POR,MIN
game_0021900566,1/9/2020,HOU,OKC
game_0021900567,1/10/2020,ATL,WAS
game_0021900568,1/10/2020,MIA,BKN
game_0021900570,1/10/2020,IND,CHI
game_0021900569,1/10/2020,NOP,NYK
game_0021900571,1/10/2020,SAS,MEM
game_0021900572,1/10/2020,LAL,DAL
game_0021900574,1/10/2020,CHA,UTA
game_0021900573,1/10/2020,ORL,PHX
game_0021900575,1/10/2020,MIL,SAC
game_0021900576,1/10/2020,GSW,LAC
game_0021900577,1/11/2020,MIN,HOU
game_0021900579,1/11/2020,CHI,DET
game_0021900578,1/11/2020,NOP,BOS
game_0021900580,1/11/2020,LAL,OKC
game_0021900581,1/11/2020,PHI,DAL
game_0021900582,1/11/2020,CLE,DEN
game_0021900583,1/11/2020,MIL,POR
game_0021900584,1/12/2020,MIA,NYK
game_0021900585,1/12/2020,UTA,WAS
game_0021900586,1/12/2020,ATL,BKN
game_0021900588,1/12/2020,GSW,MEM
game_0021900587,1/12/2020,SAS,TOR
game_0021900590,1/12/2020,CHA,PHX
game_0021900589,1/12/2020,LAC,DEN
game_0021900591,1/13/2020,NOP,DET
game_0021900592,1/13/2020,PHI,IND
game_0021900593,1/13/2020,CHI,BOS
game_0021900594,1/13/2020,OKC,MIN
game_0021900595,1/13/2020,CHA,POR
game_0021900596,1/13/2020,ORL,SAC
game_0021900597,1/13/2020,CLE,LAL
game_0021900598,1/14/2020,PHX,ATL
game_0021900599,1/14/2020,UTA,BKN
game_0021900600,1/14/2020,HOU,MEM
game_0021900601,1/14/2020,NYK,MIL
game_0021900603,1/14/2020,CLE,LAC
game_0021900602,1/14/2020,DAL,GSW
game_0021900605,1/15/2020,BKN,PHI
game_0021900604,1/15/2020,DET,BOS
game_0021900606,1/15/2020,SAS,MIA
game_0021900608,1/15/2020,IND,MIN
game_0021900609,1/15/2020,TOR,OKC
game_0021900607,1/15/2020,WAS,CHI
game_0021900610,1/15/2020,CHA,DEN
game_0021900611,1/15/2020,POR,HOU
game_0021900612,1/15/2020,DAL,SAC
game_0021900613,1/15/2020,ORL,LAL
game_0021900614,1/16/2020,PHX,NYK
game_0021900615,1/16/2020,BOS,MIL
game_0021900616,1/16/2020,UTA,NOP
game_0021900617,1/16/2020,DEN,GSW
game_0021900618,1/16/2020,ORL,LAC
game_0021900620,1/17/2020,CHI,PHI
game_0021900619,1/17/2020,MIN,IND
game_0021900621,1/17/2020,WAS,TOR
game_0021900622,1/17/2020,CLE,MEM
game_0021900623,1/17/2020,MIA,OKC
game_0021900624,1/17/2020,ATL,SAS
game_0021900625,1/17/2020,POR,DAL
game_0021900626,1/18/2020,LAC,NOP
game_0021900627,1/18/2020,MIL,BKN
game_0021900628,1/18/2020,PHX,BOS
game_0021900629,1/18/2020,DET,ATL
game_0021900630,1/18/2020,PHI,NYK
game_0021900631,1/18/2020,CLE,CHI
game_0021900632,1/18/2020,TOR,MIN
game_0021900633,1/18/2020,LAL,HOU
game_0021900634,1/18/2020,ORL,GSW
game_0021900635,1/18/2020,POR,OKC
game_0021900636,1/18/2020,SAC,UTA
game_0021900637,1/19/2020,MIA,SAS
game_0021900638,1/19/2020,IND,DEN
game_0021900639,1/20/2020,DET,WAS
game_0021900640,1/20/2020,TOR,ATL
game_0021900641,1/20/2020,PHI,BKN
game_0021900647,1/20/2020,CHI,MIL
game_0021900646,1/20/2020,NOP,MEM
game_0021900643,1/20/2020,NYK,CLE
game_0021900645,1/20/2020,OKC,HOU
game_0021900642,1/20/2020,ORL,CHA
game_0021900644,1/20/2020,SAC,MIA
game_0021900648,1/20/2020,LAL,BOS
game_0021900649,1/20/2020,DEN,MIN
game_0021900651,1/20/2020,IND,UTA
game_0021900650,1/20/2020,SAS,PHX
game_0021900652,1/20/2020,GSW,POR
game_0021900653,1/21/2020,LAC,DAL
game_0021900655,1/22/2020,OKC,ORL
game_0021900654,1/22/2020,SAC,DET
game_0021900656,1/22/2020,LAC,ATL
game_0021900659,1/22/2020,LAL,NYK
game_0021900657,1/22/2020,MEM,BOS
game_0021900660,1/22/2020,PHI,TOR
game_0021900658,1/22/2020,WAS,MIA
game_0021900662,1/22/2020,DEN,HOU
game_0021900661,1/22/2020,MIN,CHI
game_0021900663,1/22/2020,SAS,NOP
game_0021900664,1/22/2020,IND,PHX
game_0021900665,1/22/2020,UTA,GSW
game_0021900666,1/23/2020,WAS,CLE
game_0021900667,1/23/2020,LAL,BKN
game_0021900668,1/23/2020,DAL,POR
game_0021900669,1/24/2020,MIL,CHA
game_0021900671,1/24/2020,BOS,ORL
game_0021900670,1/24/2020,MEM,DET
game_0021900672,1/24/2020,TOR,NYK
game_0021900677,1/24/2020,ATL,OKC
game_0021900676,1/24/2020,DEN,NOP
game_0021900675,1/24/2020,HOU,MIN
game_0021900673,1/24/2020,LAC,MIA
game_0021900674,1/24/2020,SAC,CHI
game_0021900678,1/24/2020,PHX,SAS
game_0021900679,1/24/2020,IND,GSW
game_0021900680,1/25/2020,DAL,UTA
game_0021900681,1/25/2020,BKN,DET
game_0021900682,1/25/2020,CHI,CLE
game_0021900683,1/25/2020,OKC,MIN
game_0021900684,1/25/2020,LAL,PHI
game_0021900685,1/26/2020,HOU,DEN
game_0021900686,1/26/2020,TOR,SAS
game_0021900688,1/26/2020,BKN,NYK
game_0021900691,1/26/2020,BOS,NOP
game_0021900689,1/26/2020,LAC,ORL
game_0021900690,1/26/2020,PHX,MEM
game_0021900687,1/26/2020,WAS,ATL
game_0021900692,1/26/2020,IND,POR
game_0021900693,1/27/2020,CLE,DET
game_0021900694,1/27/2020,ORL,MIA
game_0021900697,1/27/2020,DAL,OKC
game_0021900696,1/27/2020,SAC,MIN
game_0021900695,1/27/2020,SAS,CHI
game_0021900698,1/27/2020,HOU,UTA
game_0021900699,1/28/2020,NYK,CHA
game_0021900703,1/28/2020,ATL,TOR
game_0021900701,1/28/2020,BOS,MIA
game_0021900702,1/28/2020,GSW,PHI
game_0021900700,1/28/2020,NOP,CLE
game_0021900704,1/28/2020,DEN,MEM
game_0021900705,1/28/2020,WAS,MIL
game_0021900706,1/28/2020,PHX,DAL
game_0021900707,1/28/2020,LAC,LAL
game_0021900708,1/29/2020,CHI,IND
game_0021900709,1/29/2020,DET,BKN
game_0021900710,1/29/2020,MEM,NYK
game_0021900711,1/29/2020,UTA,SAS
game_0021900712,1/29/2020,HOU,POR
game_0021900713,1/29/2020,OKC,SAC
game_0021900715,1/30/2020,CHA,WAS
game_0021900714,1/30/2020,TOR,CLE
game_0021900716,1/30/2020,PHI,ATL
game_0021900717,1/30/2020,GSW,BOS
game_0021900719,1/30/2020,SAC,LAC
game_0021900718,1/30/2020,UTA,DEN
game_0021900720,1/31/2020,TOR,DET
game_0021900721,1/31/2020,CHI,BKN
game_0021900722,1/31/2020,DAL,HOU
game_0021900723,1/31/2020,MEM,NOP
game_0021900724,1/31/2020,DEN,MIL
game_0021900725,1/31/2020,OKC,PHX
game_0021900726,1/31/2020,POR,LAL
game_0021900727,2/1/2020,MIN,LAC
game_0021900729,2/1/2020,MIA,ORL
game_0021900728,2/1/2020,NYK,IND
game_0021900731,2/1/2020,BKN,WAS
game_0021900730,2/1/2020,GSW,CLE
game_0021900733,2/1/2020,ATL,DAL
game_0021900732,2/1/2020,PHI,BOS
game_0021900734,2/1/2020,CHA,SAS
game_0021900736,2/1/2020,LAL,SAC
game_0021900735,2/1/2020,UTA,POR
game_0021900737,2/2/2020,DEN,DET
game_0021900738,2/2/2020,NOP,HOU
game_0021900739,2/2/2020,PHX,MIL
game_0021900740,2/2/2020,CHI,TOR
game_0021900743,2/3/2020,DAL,IND
game_0021900744,2/3/2020,GSW,WAS
game_0021900742,2/3/2020,NYK,CLE
game_0021900741,2/3/2020,ORL,CHA
game_0021900745,2/3/2020,BOS,ATL
game_0021900747,2/3/2020,PHI,MIA
game_0021900746,2/3/2020,PHX,BKN
game_0021900748,2/3/2020,DET,MEM
game_0021900749,2/3/2020,MIN,SAC
game_0021900750,2/3/2020,SAS,LAC
game_0021900751,2/4/2020,MIL,NOP
game_0021900752,2/4/2020,CHA,HOU
game_0021900753,2/4/2020,POR,DEN
game_0021900754,2/4/2020,SAS,LAL
game_0021900755,2/5/2020,PHX,DET
game_0021900757,2/5/2020,GSW,BKN
game_0021900758,2/5/2020,IND,TOR
game_0021900756,2/5/2020,ORL,BOS
game_0021900759,2/5/2020,ATL,MIN
game_0021900760,2/5/2020,CLE,OKC
game_0021900761,2/5/2020,MEM,DAL
game_0021900762,2/5/2020,DEN,UTA
game_0021900763,2/5/2020,MIA,LAC
game_0021900764,2/6/2020,ORL,NYK
game_0021900765,2/6/2020,NOP,CHI
game_0021900766,2/6/2020,PHI,MIL
game_0021900767,2/6/2020,SAS,POR
game_0021900768,2/6/2020,HOU,LAL
game_0021900770,2/7/2020,DAL,WAS
game_0021900769,2/7/2020,MEM,PHI
game_0021900771,2/7/2020,ATL,BOS
game_0021900773,2/7/2020,DET,OKC
game_0021900772,2/7/2020,TOR,IND
game_0021900774,2/7/2020,HOU,PHX
game_0021900775,2/7/2020,MIA,SAC
game_0021900776,2/7/2020,POR,UTA
game_0021900777,2/8/2020,MIL,ORL
game_0021900778,2/8/2020,DAL,CHA
game_0021900779,2/8/2020,NYK,DET
game_0021900781,2/8/2020,BKN,TOR
game_0021900780,2/8/2020,NOP,IND
game_0021900782,2/8/2020,LAC,MIN
game_0021900783,2/8/2020,LAL,GSW
game_0021900784,2/8/2020,DEN,PHX
game_0021900785,2/8/2020,SAS,SAC
game_0021900786,2/9/2020,BOS,OKC
game_0021900788,2/9/2020,CHI,PHI
game_0021900789,2/9/2020,MEM,WAS
game_0021900787,2/9/2020,NYK,ATL
game_0021900790,2/9/2020,UTA,HOU
game_0021900791,2/9/2020,LAC,CLE
game_0021900792,2/9/2020,MIA,POR
game_0021900795,2/10/2020,ATL,ORL
game_0021900794,2/10/2020,BKN,IND
game_0021900793,2/10/2020,CHA,DET
game_0021900796,2/10/2020,MIN,TOR
game_0021900797,2/10/2020,SAC,MIL
game_0021900798,2/10/2020,UTA,DAL
game_0021900799,2/10/2020,SAS,DEN
game_0021900800,2/10/2020,MIA,GSW
game_0021900801,2/10/2020,PHX,LAL
game_0021900803,2/11/2020,CHI,WAS
game_0021900802,2/11/2020,LAC,PHI
game_0021900804,2/11/2020,POR,NOP
game_0021900805,2/11/2020,SAS,OKC
game_0021900806,2/11/2020,BOS,HOU
game_0021900807,2/12/2020,ATL,CLE
game_0021900808,2/12/2020,DET,ORL
game_0021900810,2/12/2020,MIL,IND
game_0021900809,2/12/2020,TOR,BKN
game_0021900811,2/12/2020,WAS,NYK
game_0021900813,2/12/2020,CHA,MIN
game_0021900812,2/12/2020,POR,MEM
game_0021900814,2/12/2020,SAC,DAL
game_0021900815,2/12/2020,GSW,PHX
game_0021900816,2/12/2020,MIA,UTA
game_0021900817,2/12/2020,LAL,DEN
game_0021900818,2/13/2020,LAC,BOS
game_0021900819,2/13/2020,OKC,NOP
game_0021900820,2/20/2020,MIL,DET
game_0021900821,2/20/2020,MIA,ATL
game_0021900822,2/20/2020,BKN,PHI
game_0021900823,2/20/2020,CHA,CHI
game_0021900824,2/20/2020,MEM,SAC
game_0021900825,2/20/2020,HOU,GSW
game_0021900827,2/21/2020,CLE,WAS
game_0021900826,2/21/2020,DAL,ORL
game_0021900828,2/21/2020,IND,NYK
game_0021900829,2/21/2020,PHX,TOR
game_0021900830,2/21/2020,BOS,MIN
game_0021900831,2/21/2020,DEN,OKC
game_0021900832,2/21/2020,SAS,UTA
game_0021900833,2/21/2020,MEM,LAL
game_0021900834,2/21/2020,NOP,POR
game_0021900835,2/22/2020,SAC,LAC
game_0021900836,2/22/2020,BKN,CHA
game_0021900837,2/22/2020,DAL,ATL
game_0021900838,2/22/2020,CLE,MIA
game_0021900839,2/22/2020,PHX,CHI
game_0021900840,2/22/2020,PHI,MIL
game_0021900841,2/22/2020,HOU,UTA
game_0021900842,2/23/2020,BOS,LAL
game_0021900843,2/23/2020,IND,TOR
game_0021900844,2/23/2020,MIN,DEN
game_0021900846,2/23/2020,SAS,OKC
game_0021900845,2/23/2020,WAS,CHI
game_0021900847,2/23/2020,NOP,GSW
game_0021900848,2/23/2020,DET,POR
game_0021900850,2/24/2020,ATL,PHI
game_0021900849,2/24/2020,MIA,CLE
game_0021900851,2/24/2020,MIL,WAS
game_0021900852,2/24/2020,ORL,BKN
game_0021900853,2/24/2020,NYK,HOU
game_0021900854,2/24/2020,MIN,DAL
game_0021900855,2/24/2020,PHX,UTA
game_0021900856,2/24/2020,MEM,LAC
game_0021900857,2/25/2020,CHA,IND
game_0021900858,2/25/2020,MIL,TOR
game_0021900859,2/25/2020,OKC,CHI
game_0021900860,2/25/2020,DET,DEN
game_0021900862,2/25/2020,BOS,POR
game_0021900861,2/25/2020,NOP,LAL
game_0021900863,2/25/2020,SAC,GSW
game_0021900866,2/26/2020,BKN,WAS
game_0021900864,2/26/2020,NYK,CHA
game_0021900865,2/26/2020,PHI,CLE
game_0021900869,2/26/2020,DAL,SAS
game_0021900868,2/26/2020,MIN,MIA
game_0021900867,2/26/2020,ORL,ATL
game_0021900870,2/26/2020,MEM,HOU
game_0021900871,2/26/2020,LAC,PHX
game_0021900872,2/26/2020,BOS,UTA
game_0021900873,2/27/2020,NYK,PHI
game_0021900874,2/27/2020,POR,IND
game_0021900875,2/27/2020,SAC,OKC
game_0021900876,2/27/2020,LAL,GSW
game_0021900877,2/28/2020,MIN,ORL
game_0021900878,2/28/2020,BKN,ATL
game_0021900879,2/28/2020,CHA,TOR
game_0021900883,2/28/2020,CLE,NOP
game_0021900880,2/28/2020,DAL,MIA
game_0021900882,2/28/2020,OKC,MIL
game_0021900881,2/28/2020,SAC,MEM
game_0021900884,2/28/2020,DET,PHX
game_0021900885,2/28/2020,WAS,UTA
game_0021900886,2/28/2020,DEN,LAC
game_0021900887,2/29/2020,CHI,NYK
game_0021900889,2/29/2020,BKN,MIA
game_0021900888,2/29/2020,POR,ATL
game_0021900890,2/29/2020,IND,CLE
game_0021900891,2/29/2020,LAL,MEM
game_0021900892,2/29/2020,HOU,BOS
game_0021900893,2/29/2020,ORL,SAS
game_0021900894,2/29/2020,GSW,PHX
game_0021900895,3/1/2020,MIL,CHA
game_0021900896,3/1/2020,DAL,MIN
game_0021900897,3/1/2020,PHI,LAC
game_0021900899,3/1/2020,DET,SAC
game_0021900898,3/1/2020,TOR,DEN
game_0021900900,3/1/2020,LAL,NOP
game_0021900901,3/1/2020,WAS,GSW
game_0021900903,3/2/2020,HOU,NYK
game_0021900904,3/2/2020,POR,ORL
game_0021900902,3/2/2020,UTA,CLE
game_0021900905,3/2/2020,MEM,ATL
game_0021900906,3/2/2020,MIL,MIA
game_0021900907,3/2/2020,DAL,CHI
game_0021900908,3/2/2020,IND,SAS
game_0021900909,3/3/2020,SAS,CHA
game_0021900910,3/3/2020,BKN,BOS
game_0021900912,3/3/2020,LAC,OKC
game_0021900911,3/3/2020,MIN,NOP
game_0021900913,3/3/2020,GSW,DEN
game_0021900914,3/3/2020,TOR,PHX
game_0021900915,3/3/2020,PHI,LAL
game_0021900916,3/3/2020,WAS,SAC
game_0021900917,3/4/2020,BOS,CLE
game_0021900918,3/4/2020,OKC,DET
game_0021900919,3/4/2020,ORL,MIA
game_0021900920,3/4/2020,MEM,BKN
game_0021900921,3/4/2020,UTA,NYK
game_0021900922,3/4/2020,CHI,MIN
game_0021900923,3/4/2020,NOP,DAL
game_0021900924,3/4/2020,IND,MIL
game_0021900925,3/4/2020,WAS,POR
game_0021900926,3/5/2020,DEN,CHA
game_0021900927,3/5/2020,LAC,HOU
game_0021900928,3/5/2020,PHI,SAC
game_0021900929,3/5/2020,TOR,GSW
game_0021900930,3/6/2020,ATL,WAS
game_0021900932,3/6/2020,OKC,NYK
game_0021900931,3/6/2020,SAS,BKN
game_0021900934,3/6/2020,IND,CHI
game_0021900936,3/6/2020,MIA,NOP
game_0021900935,3/6/2020,ORL,MIN
game_0021900933,3/6/2020,UTA,BOS
game_0021900937,3/6/2020,MEM,DAL
game_0021900938,3/6/2020,POR,PHX
game_0021900939,3/6/2020,MIL,LAL
game_0021900940,3/7/2020,HOU,CHA
game_0021900941,3/7/2020,UTA,DET
game_0021900942,3/7/2020,DEN,CLE
game_0021900943,3/7/2020,ATL,MEM
game_0021900944,3/7/2020,PHI,GSW
game_0021900945,3/7/2020,SAC,POR
game_0021900946,3/8/2020,CHI,BKN
game_0021900948,3/8/2020,LAL,LAC
game_0021900947,3/8/2020,NOP,MIN
game_0021900950,3/8/2020,MIL,PHX
game_0021900949,3/8/2020,OKC,BOS
game_0021900952,3/8/2020,IND,DAL
game_0021900951,3/8/2020,MIA,WAS
game_0021900953,3/8/2020,ORL,HOU
game_0021900955,3/8/2020,DET,NYK
game_0021900954,3/8/2020,SAS,CLE
game_0021900956,3/8/2020,TOR,SAC
game_0021900957,3/9/2020,CHA,ATL
game_0021900958,3/9/2020,MIL,DEN
game_0021900959,3/9/2020,TOR,UTA
game_0021900960,3/10/2020,BOS,IND
game_0021900961,3/10/2020,NYK,WAS
game_0021900962,3/10/2020,CLE,CHI
game_0021900965,3/10/2020,DAL,SAS
game_0021900963,3/10/2020,MIN,HOU
game_0021900964,3/10/2020,ORL,MEM
game_0021900966,3/10/2020,PHX,POR
game_0021900968,3/10/2020,BKN,LAL
game_0021900967,3/10/2020,LAC,GSW
game_0021900970,3/11/2020,CHA,MIA
game_0021900971,3/11/2020,DET,PHI
game_0021900969,3/11/2020,NYK,ATL
game_0021900972,3/11/2020,UTA,OKC
game_0021900973,3/11/2020,DEN,DAL
game_0021900974,3/11/2020,NOP,SAC
game_0021900975,3/12/2020,CHI,ORL
game_0021900976,3/12/2020,BOS,MIL
game_0021900977,3/12/2020,MEM,POR
game_0021900978,3/12/2020,BKN,GSW
game_0021900979,3/12/2020,HOU,LAL
game_0021900980,3/13/2020,CLE,CHA
game_0021900981,3/13/2020,WAS,BOS
game_0021900983,3/13/2020,MIN,OKC
game_0021900982,3/13/2020,NYK,MIA
game_0021900984,3/13/2020,DEN,SAS
game_0021900985,3/13/2020,NOP,UTA
game_0021900986,3/13/2020,BKN,LAC
game_0021900987,3/14/2020,PHX,DAL
game_0021900988,3/14/2020,CLE,ATL
game_0021900990,3/14/2020,DET,TOR
game_0021900989,3/14/2020,IND,PHI
game_0021900991,3/14/2020,CHI,MIA
game_0021900992,3/14/2020,GSW,MIL
game_0021900993,3/14/2020,MIN,SAS
game_0021900994,3/14/2020,MEM,UTA
game_0021900995,3/14/2020,NOP,LAC
game_0021900996,3/15/2020,HOU,POR
game_0021900997,3/15/2020,CHA,ORL
game_0021900998,3/15/2020,OKC,WAS
game_0021900999,3/15/2020,BOS,CHI
game_0021901001,3/15/2020,BKN,SAC
game_0021901000,3/15/2020,DEN,LAL
game_0021901002,3/16/2020,WAS,PHI
game_0021901005,3/16/2020,ATL,NOP
game_0021901003,3/16/2020,GSW,TOR
game_0021901004,3/16/2020,MIA,MIL
game_0021901006,3/16/2020,MEM,SAS
game_0021901007,3/16/2020,LAL,UTA
game_0021901008,3/16/2020,DAL,LAC
game_0021901009,3/17/2020,ORL,DET
game_0021901010,3/17/2020,CHA,NYK
game_0021901011,3/17/2020,CLE,HOU
game_0021901012,3/17/2020,OKC,MEM
game_0021901014,3/17/2020,DAL,SAC
game_0021901013,3/17/2020,MIN,POR
game_0021901015,3/18/2020,TOR,PHI
game_0021901019,3/18/2020,GSW,IND
game_0021901017,3/18/2020,NYK,BOS
game_0021901016,3/18/2020,OKC,ATL
game_0021901018,3/18/2020,WAS,BKN
game_0021901020,3/18/2020,MIA,CHI
game_0021901021,3/18/2020,SAS,NOP
game_0021901022,3/18/2020,LAC,DEN
game_0021901024,3/18/2020,MIN,PHX
game_0021901023,3/18/2020,UTA,LAL
game_0021901026,3/19/2020,CLE,ORL
game_0021901025,3/19/2020,PHI,CHA
game_0021901028,3/19/2020,MEM,MIL
game_0021901027,3/19/2020,SAC,HOU
game_0021901029,3/19/2020,DAL,POR
game_0021901030,3/20/2020,GSW,DET
game_0021901031,3/20/2020,MIA,IND
game_0021901033,3/20/2020,BOS,TOR
game_0021901032,3/20/2020,WAS,ATL
game_0021901034,3/20/2020,DEN,OKC
game_0021901035,3/20/2020,CHI,SAS
game_0021901036,3/20/2020,MIN,UTA
game_0021901037,3/20/2020,PHX,LAC
game_0021901038,3/21/2020,BOS,BKN
game_0021901042,3/21/2020,ATL,PHI
game_0021901040,3/21/2020,CLE,IND
game_0021901039,3/21/2020,LAL,CHA
game_0021901041,3/21/2020,SAC,ORL
game_0021901043,3/21/2020,GSW,NYK
game_0021901045,3/21/2020,CHI,HOU
game_0021901044,3/21/2020,MIL,WAS
game_0021901046,3/21/2020,NOP,MEM
game_0021901047,3/21/2020,DAL,PHX
game_0021901049,3/22/2020,DEN,TOR
game_0021901048,3/22/2020,LAL,DET
game_0021901050,3/22/2020,POR,MIN
game_0021901051,3/22/2020,SAC,NOP
game_0021901052,3/22/2020,UTA,SAS
game_0021901055,3/23/2020,BOS,WAS
game_0021901054,3/23/2020,LAC,NYK
game_0021901053,3/23/2020,PHX,IND
game_0021901057,3/23/2020,OKC,MIA
game_0021901056,3/23/2020,ORL,BKN
game_0021901058,3/23/2020,DEN,CHI
game_0021901059,3/23/2020,DET,MIL
game_0021901060,3/23/2020,HOU,DAL
game_0021901061,3/24/2020,POR,CHA
game_0021901062,3/24/2020,SAC,CLE
game_0021901063,3/24/2020,LAL,TOR
game_0021901065,3/24/2020,MEM,NOP
game_0021901064,3/24/2020,PHI,MIN
game_0021901066,3/24/2020,SAS,UTA
game_0021901069,3/25/2020,IND,ORL
game_0021901067,3/25/2020,LAC,BKN
game_0021901070,3/25/2020,PHX,WAS
game_0021901068,3/25/2020,POR,DET
game_0021901071,3/25/2020,DEN,MIA
game_0021901072,3/25/2020,TOR,NYK
game_0021901073,3/25/2020,BOS,MEM
game_0021901074,3/25/2020,HOU,MIL
game_0021901075,3/25/2020,ATL,GSW
game_0021901076,3/26/2020,LAL,CLE
game_0021901079,3/26/2020,CHA,OKC
game_0021901077,3/26/2020,PHI,CHI
game_0021901078,3/26/2020,SAS,MIN
game_0021901080,3/26/2020,UTA,DAL
game_0021901081,3/26/2020,ATL,SAC
game_0021901084,3/27/2020,BKN,ORL
game_0021901083,3/27/2020,HOU,IND
game_0021901082,3/27/2020,LAC,DET
game_0021901085,3/27/2020,PHX,PHI
game_0021901086,3/27/2020,POR,BOS
game_0021901087,3/27/2020,NYK,NOP
game_0021901088,3/27/2020,WAS,MIL
game_0021901089,3/27/2020,SAS,DEN
game_0021901090,3/28/2020,CLE,BKN
game_0021901091,3/28/2020,LAC,CHA
game_0021901093,3/28/2020,LAL,WAS
game_0021901094,3/28/2020,NYK,CHI
game_0021901092,3/28/2020,PHX,MIA
game_0021901095,3/28/2020,TOR,MEM
game_0021901096,3/28/2020,OKC,GSW
game_0021901097,3/28/2020,ATL,UTA
game_0021901098,3/29/2020,MIL,DAL
game_0021901099,3/29/2020,HOU,DET
game_0021901100,3/29/2020,MIN,BOS
game_0021901101,3/29/2020,NOP,ORL
game_0021901102,3/29/2020,POR,PHI
game_0021901103,3/29/2020,SAS,GSW
game_0021901104,3/29/2020,IND,SAC
game_0021901105,3/30/2020,MIA,CHA
game_0021901106,3/30/2020,PHX,CLE
game_0021901108,3/30/2020,MEM,TOR
game_0021901107,3/30/2020,POR,BKN
game_0021901109,3/30/2020,LAL,MIN
game_0021901111,3/30/2020,CHI,UTA
game_0021901110,3/30/2020,OKC,DEN
game_0021901112,3/30/2020,IND,LAC
game_0021901114,3/31/2020,HOU,PHI
game_0021901113,3/31/2020,NOP,ATL
game_0021901115,3/31/2020,DEN,GSW
game_0021901116,3/31/2020,SAS,SAC
game_0021901117,4/1/2020,CHA,ORL
game_0021901118,4/1/2020,NOP,WAS
game_0021901120,4/1/2020,DET,BKN
game_0021901119,4/1/2020,MIA,BOS
game_0021901122,4/1/2020,DAL,MIN
game_0021901121,4/1/2020,NYK,MEM
game_0021901123,4/1/2020,PHX,OKC
game_0021901125,4/1/2020,CLE,UTA
game_0021901124,4/1/2020,TOR,MIL
game_0021901126,4/1/2020,IND,LAL
game_0021901127,4/2/2020,GSW,HOU
game_0021901128,4/2/2020,LAC,SAC
game_0021901129,4/2/2020,UTA,POR
game_0021901131,4/3/2020,BKN,IND
game_0021901130,4/3/2020,MIA,DET
game_0021901132,4/3/2020,PHI,WAS
game_0021901133,4/3/2020,CHA,ATL
game_0021901136,4/3/2020,MIL,TOR
game_0021901135,4/3/2020,MIN,NYK
game_0021901134,4/3/2020,ORL,BOS
game_0021901137,4/3/2020,DAL,MEM
game_0021901138,4/3/2020,GSW,SAS
game_0021901139,4/3/2020,CHI,DEN
game_0021901140,4/3/2020,CLE,PHX
game_0021901141,4/4/2020,OKC,LAC
game_0021901142,4/4/2020,LAL,SAC
game_0021901143,4/5/2020,ATL,CHA
game_0021901144,4/5/2020,ORL,PHI
game_0021901145,4/5/2020,MIL,BOS
game_0021901147,4/5/2020,MIA,NYK
game_0021901146,4/5/2020,WAS,IND
game_0021901150,4/5/2020,CHI,PHX
game_0021901148,4/5/2020,DAL,BKN
game_0021901149,4/5/2020,UTA,DEN
game_0021901152,4/5/2020,DET,MIN
game_0021901153,4/5/2020,NOP,SAS
game_0021901151,4/5/2020,TOR,HOU
game_0021901155,4/5/2020,CLE,SAC
game_0021901154,4/5/2020,MEM,POR
game_0021901156,4/5/2020,OKC,LAL
game_0021901157,4/7/2020,TOR,WAS
game_0021901158,4/7/2020,DET,ATL
game_0021901159,4/7/2020,IND,MIA
game_0021901160,4/7/2020,MIL,PHI
game_0021901163,4/7/2020,BKN,OKC
game_0021901162,4/7/2020,CHA,NOP
game_0021901161,4/7/2020,PHX,MIN
game_0021901164,4/7/2020,HOU,DAL
game_0021901165,4/7/2020,SAC,SAS
game_0021901166,4/7/2020,MEM,DEN
game_0021901168,4/7/2020,CLE,POR
game_0021901167,4/7/2020,LAC,UTA
game_0021901169,4/7/2020,CHI,LAL
game_0021901170,4/8/2020,IND,BOS
game_0021901171,4/8/2020,TOR,CHA
game_0021901172,4/8/2020,ORL,NYK
game_0021901173,4/8/2020,SAS,HOU
game_0021901175,4/8/2020,CHI,LAC
game_0021901174,4/8/2020,CLE,GSW
game_0021901176,4/9/2020,DET,MIA
game_0021901177,4/9/2020,BKN,MIL
game_0021901179,4/9/2020,PHX,NOP
game_0021901178,4/9/2020,SAC,MIN
game_0021901180,4/9/2020,DEN,POR
game_0021901181,4/9/2020,GSW,LAL
game_0021901182,4/10/2020,BOS,ORL
game_0021901183,4/10/2020,ATL,TOR
game_0021901185,4/10/2020,NYK,OKC
game_0021901184,4/10/2020,WAS,HOU
game_0021901186,4/10/2020,PHI,SAS
game_0021901187,4/11/2020,DET,DAL
game_0021901189,4/11/2020,ORL,IND
game_0021901190,4/11/2020,PHI,NOP
game_0021901188,4/11/2020,WAS,CHA
game_0021901191,4/11/2020,MIL,CLE
game_0021901193,4/11/2020,BKN,CHI
game_0021901192,4/11/2020,BOS,MIA
game_0021901194,4/11/2020,OKC,MEM
game_0021901195,4/11/2020,GSW,LAC
game_0021901196,4/11/2020,SAC,DEN
game_0021901197,4/11/2020,UTA,PHX
game_0021901198,4/12/2020,HOU,SAS
game_0021901199,4/12/2020,NYK,TOR
game_0021901200,4/12/2020,ATL,MIL
game_0021901201,4/12/2020,MIN,LAL
game_0021901203,4/13/2020,BKN,CLE
game_0021901204,4/13/2020,BOS,DET
game_0021901202,4/13/2020,MIA,CHA
game_0021901205,4/13/2020,SAS,IND
game_0021901206,4/13/2020,ORL,CHI
game_0021901208,4/13/2020,PHI,MEM
game_0021901207,4/13/2020,PHX,HOU
game_0021901210,4/13/2020,UTA,OKC
game_0021901209,4/13/2020,WAS,NOP
game_0021901211,4/13/2020,DAL,DEN
game_0021901213,4/13/2020,MIN,LAC
game_0021901212,4/13/2020,POR,GSW
game_0021901215,4/14/2020,DET,NYK
game_0021901214,4/14/2020,TOR,MIA
game_0021901216,4/14/2020,DEN,UTA
game_0021901217,4/14/2020,SAC,LAL
game_0021901222,4/15/2020,CHA,PHI
game_0021901219,4/15/2020,CHI,BOS
game_0021901218,4/15/2020,CLE,ATL
game_0021901223,4/15/2020,IND,WAS
game_0021901225,4/15/2020,MEM,HOU
game_0021901220,4/15/2020,MIL,BKN
game_0021901227,4/15/2020,NOP,SAS
game_0021901226,4/15/2020,NYK,MIN
game_0021901224,4/15/2020,OKC,DAL
game_0021901221,4/15/2020,TOR,ORL
game_0021901230,4/15/2020,GSW,SAC
game_0021901229,4/15/2020,LAC,POR
game_0021901228,4/15/2020,LAL,PHX
